{
	"info": {
		"_postman_id": "a31c6e53-0e92-4891-98dd-32d41b625574",
		"name": "Adapty Web API",
		"description": "The Web API is an extension of the server-side API designed for use with web apps. It allows you to retrieve the correct paywall using its connected placement ID and record paywall views. This helps you track which paywalls contribute to your revenue.",
		"schema": "https://schema.getpostman.com/json/collection/v2.1.0/collection.json",
		"_exporter_id": "37941300"
	},
	"item": [
		{
			"name": "Get paywall",
			"request": {
				"auth": {
					"type": "noauth"
				},
				"method": "POST",
				"header": [
					{
						"key": "Content-Type",
						"value": "application/json",
						"description": "Do not change",
						"type": "text"
					},
					{
						"key": "Authorization",
						"value": "Api-Key {{public_api_key}}",
						"description": "Enter your secret API key from Adapty App Settings",
						"type": "text"
					}
				],
				"body": {
					"mode": "raw",
					"raw": "{\n  \"store\": \"app_store\",\n  \"locale\": \"en\",\n  \"placement_id\": \"PaywallPlacementId\",\n  \"customer_user_id\": \"{{adapty-customer-user-id}}\"\n}",
					"options": {
						"raw": {
							"language": "json"
						}
					}
				},
				"url": {
					"raw": "https://api.adapty.io/api/v2/web-api/paywall/",
					"protocol": "https",
					"host": [
						"api",
						"adapty",
						"io"
					],
					"path": [
						"api",
						"v2",
						"web-api",
						"paywall",
						""
					]
				}
			},
			"response": []
		},
		{
			"name": "Record paywall view",
			"request": {
				"auth": {
					"type": "noauth"
				},
				"method": "POST",
				"header": [
					{
						"key": "Content-Type",
						"value": "application/json",
						"description": "Do not change",
						"type": "text"
					},
					{
						"key": "Authorization",
						"value": "Api-Key {{public_api_key}}",
						"description": "Enter your secret API key from Adapty App Settings",
						"type": "text"
					}
				],
				"body": {
					"mode": "raw",
					"raw": "{\n  \"visited_at\": \"2024-08-24T14:15:22Z\",\n  \"store\": \"app_store\",\n  \"variation_id\": \"00000000-0000-0000-0000-000000000000\",\n  \"customer_user_id\": \"{{adapty-customer-user-id}}\"\n}",
					"options": {
						"raw": {
							"language": "json"
						}
					}
				},
				"url": {
					"raw": "https://api.adapty.io/api/v2/web-api/paywall/visit/",
					"protocol": "https",
					"host": [
						"api",
						"adapty",
						"io"
					],
					"path": [
						"api",
						"v2",
						"web-api",
						"paywall",
						"visit",
						""
					]
				}
			},
			"response": []
		},
		{
			"name": "Add attribution",
			"request": {
				"auth": {
					"type": "noauth"
				},
				"method": "POST",
				"header": [
					{
						"key": "Content-Type",
						"value": "application/json",
						"description": "Do not change",
						"type": "text"
					},
					{
						"key": "Authorization",
						"value": "Api-Key {{public_api_key}}",
						"description": "Enter your secret API key from Adapty App Settings",
						"type": "text"
					}
				],
				"body": {
					"mode": "raw",
					"raw": "{\n  \"placement_id\": \"PaywallPlacementId\",\n  \"status\": \"non_organic\",\n  \"variation_id\": \"00000000-0000-0000-0000-000000000000\",\n  \"paywall_id\": \"InternalPaywallId\",\n  \"ab_test_name\": \"Existing Offer | Improved Offer\",\n  \"paywall_name\": \"Used Paywall\",\n  \"customer_user_id\": \"{{adapty-customer-user-id}}\",\n  \"products\": [\n    {\n      \"title\": \"Monthly Subscription w/o Trial\",\n      \"is_consumable\": true,\n      \"adapty_product_id\": \"InternalProductId\",\n      \"vendor_product_id\": \"onemonth_no_trial\",\n      \"introductory_offer_eligibility\": false,\n      \"promotional_offer_eligibility\": true,\n      \"base_plan_id\": \"B1\",\n      \"offer\": {\n        \"category\": \"promotional\",\n        \"type\": \"pay_up_front\",\n        \"id\": \"StoreOfferId\"\n      }\n    }\n  ],\n  \"remote_config\": {\n    \"lang\": \"en\",\n    \"data\": \"RemoteConfigObject\"\n  }\n}",
					"options": {
						"raw": {
							"language": "json"
						}
					}
				},
				"url": {
					"raw": "https://api.adapty.io/api/v2/web-api/attribution/",
					"protocol": "https",
					"host": [
						"api",
						"adapty",
						"io"
					],
					"path": [
						"api",
						"v2",
						"web-api",
						"attribution",
						""
					]
				}
			},
			"response": []
		}
	]
}