{
	"id": "0e50ccf2-802a-4c7d-9bc6-fa015726eb7d",
	"name": "Adapty server-side and Web API environment",
	"values": [
		{
			"key": "secret_api_key",
			"value": "YOUR_SECRET_API_KEY",
			"type": "default",
			"enabled": true
		},
		{
			"key": "adapty-customer-user-id",
			"value": "YOUR_CUSTOMER_USER_ID",
			"type": "default",
			"enabled": true
		},
		{
			"key": "adapty-profile-id",
			"value": "YOUR_USER_PROFILE_ID",
			"type": "default",
			"enabled": true
		},
		{
			"key": "adapty-platform",
			"value": "iOS",
			"type": "default",
			"enabled": true
		},
		{
			"key": "public_api_key",
			"value": "<YOUR_PUBLIC_API_KEY>",
			"type": "default",
			"enabled": true
		}
	],
	"_postman_variable_scope": "environment",
	"_postman_exported_at": "2025-01-15T13:15:33.824Z",
	"_postman_exported_using": "Postman/11.27.3"
}