{
	"info": {
		"_postman_id": "ca094ac1-53e7-42ce-9368-773c830a5086",
		"name": "Adapty Analytics Export API",
		"schema": "https://schema.getpostman.com/json/collection/v2.1.0/collection.json",
		"_exporter_id": "37941300"
	},
	"item": [
		{
			"name": "Retrieve analytics data",
			"request": {
				"auth": {
					"type": "apikey",
					"apikey": [
						{
							"key": "value",
							"value": "",
							"type": "string"
						},
						{
							"key": "key",
							"value": "",
							"type": "string"
						}
					]
				},
				"method": "POST",
				"header": [
					{
						"key": "Authorization",
						"value": "Api-Key {{secret_api_key}}",
						"description": "Your secret API key from Adapty App Settings",
						"type": "text"
					},
					{
						"key": "Content-Type",
						"value": "application/json",
						"description": "Do not change",
						"type": "text"
					}
				],
				"body": {
					"mode": "raw",
					"raw": "{\n  \"chart_id\": \"revenue\",\n  \"filters\": {\n    \"date\": [\n      \"2024-01-01\",\n      \"2024-12-31\"\n    ],\n    \"country\": [\n      \"us\"\n    ],\n    \"attribution_channel\": [\n      \"social_media_influencers\"\n    ]\n  },\n  \"period_unit\": \"week\",\n  \"segmentation\": \"attribution_campaign\"\n}",
					"options": {
						"raw": {
							"language": "json"
						}
					}
				},
				"url": {
					"raw": "https://api-admin.adapty.io/api/v1/client-api/metrics/analytics/",
					"protocol": "https",
					"host": [
						"api-admin",
						"adapty",
						"io"
					],
					"path": [
						"api",
						"v1",
						"client-api",
						"metrics",
						"analytics",
						""
					]
				}
			},
			"response": []
		},
		{
			"name": "Retrieve cohort data",
			"request": {
				"auth": {
					"type": "apikey",
					"apikey": [
						{
							"key": "value",
							"value": "",
							"type": "string"
						},
						{
							"key": "key",
							"value": "",
							"type": "string"
						}
					]
				},
				"method": "POST",
				"header": [
					{
						"key": "Authorization",
						"value": "Api-Key {{secret_api_key}}",
						"description": "Your secret API key from Adapty App Settings",
						"type": "text"
					},
					{
						"key": "Content-Type",
						"value": "application/json",
						"description": "Do not change",
						"type": "text"
					}
				],
				"body": {
					"mode": "raw",
					"raw": "{\n  \"filters\": {\n    \"date\": [\n      \"2024-04-01\",\n      \"2024-09-30\"\n    ],\n    \"store\": [\n      \"app_store\"\n    ],\n    \"country\": [\n      \"us\"\n    ]\n  },\n  \"period_unit\": \"month\",\n  \"period_type\": \"renewals\",\n  \"value_type\": \"absolute\",\n  \"value_field\": \"subscriptions\"\n}",
					"options": {
						"raw": {
							"language": "json"
						}
					}
				},
				"url": {
					"raw": "https://api-admin.adapty.io/api/v1/client-api/metrics/cohort/",
					"protocol": "https",
					"host": [
						"api-admin",
						"adapty",
						"io"
					],
					"path": [
						"api",
						"v1",
						"client-api",
						"metrics",
						"cohort",
						""
					]
				}
			},
			"response": []
		},
		{
			"name": "Retrieve conversion data",
			"request": {
				"auth": {
					"type": "apikey",
					"apikey": [
						{
							"key": "value",
							"value": "",
							"type": "string"
						},
						{
							"key": "key",
							"value": "",
							"type": "string"
						}
					]
				},
				"method": "POST",
				"header": [
					{
						"key": "Authorization",
						"value": "Api-Key {{secret_api_key}}",
						"description": "Your secret API key from Adapty App Settings",
						"type": "text"
					},
					{
						"key": "Content-Type",
						"value": "application/json",
						"description": "Do not change",
						"type": "text"
					}
				],
				"body": {
					"mode": "raw",
					"raw": "{\n  \"filters\": {\n    \"date\": [\n      \"2024-01-01\",\n      \"2024-12-31\"\n    ]\n  },\n  \"from_period\": 1,\n  \"to_period\": \"6+\",\n  \"period_unit\": \"month\",\n  \"date_type\": \"purchase_date\",\n  \"segmentation\": \"country\",\n  \"format\": \"csv\"\n}",
					"options": {
						"raw": {
							"language": "json"
						}
					}
				},
				"url": {
					"raw": "https://api-admin.adapty.io/api/v1/client-api/metrics/conversion/",
					"protocol": "https",
					"host": [
						"api-admin",
						"adapty",
						"io"
					],
					"path": [
						"api",
						"v1",
						"client-api",
						"metrics",
						"conversion",
						""
					]
				}
			},
			"response": []
		},
		{
			"name": "Retrieve funnel data",
			"request": {
				"auth": {
					"type": "apikey",
					"apikey": [
						{
							"key": "value",
							"value": "",
							"type": "string"
						},
						{
							"key": "key",
							"value": "",
							"type": "string"
						}
					]
				},
				"method": "POST",
				"header": [
					{
						"key": "Authorization",
						"value": "Api-Key {{secret_api_key}}",
						"description": "Your secret API key from Adapty App Settings",
						"type": "text"
					},
					{
						"key": "Content-Type",
						"value": "application/json",
						"description": "Do not change",
						"type": "text"
					}
				],
				"body": {
					"mode": "raw",
					"raw": "{\n  \"filters\": {\n    \"date\": [\n      \"2024-01-01\",\n      \"2024-12-31\"\n    ],\n    \"compare_date\": [\n      \"2023-01-01\",\n      \"2023-12-31\"\n    ],\n    \"offer_category\": [\n        \"promotional\"\n    ]\n  },\n  \"period_unit\": \"quarter\",\n  \"show_value_as\": \"absolute\",\n  \"format\": \"csv\"\n}",
					"options": {
						"raw": {
							"language": "json"
						}
					}
				},
				"url": {
					"raw": "https://api-admin.adapty.io/api/v1/client-api/metrics/funnel/",
					"protocol": "https",
					"host": [
						"api-admin",
						"adapty",
						"io"
					],
					"path": [
						"api",
						"v1",
						"client-api",
						"metrics",
						"funnel",
						""
					]
				}
			},
			"response": []
		},
		{
			"name": "Retrieve LTV data",
			"request": {
				"auth": {
					"type": "apikey",
					"apikey": [
						{
							"key": "value",
							"value": "",
							"type": "string"
						},
						{
							"key": "key",
							"value": "",
							"type": "string"
						}
					]
				},
				"method": "POST",
				"header": [
					{
						"key": "Authorization",
						"value": "Api-Key {{secret_api_key}}",
						"description": "Your secret API key from Adapty App Settings",
						"type": "text"
					},
					{
						"key": "Content-Type",
						"value": "application/json",
						"description": "Do not change",
						"type": "text"
					}
				],
				"body": {
					"mode": "raw",
					"raw": "{\n  \"filters\": {\n    \"date\": [\n      \"2024-01-01\",\n      \"2024-12-31\"\n    ],\n    \"compare_date\": [\n      \"2023-01-01\",\n      \"2023-12-31\"\n    ],\n    \"offer_category\": [\n      \"introductory\"\n    ],\n    \"store\": [\n      \"app_store\"\n    ],\n    \"country\": [\n      \"us\"\n    ],\n    \"attribution_source\": [\n      \"appsflyer\"\n    ],\n    \"attribution_status\": [\n      \"organic\"\n    ],\n    \"attribution_channel\": [\n      \"social_media\"\n    ]\n  },\n  \"period_unit\": \"quarter\",\n  \"period_type\": \"renewals\",\n  \"segmentation\": \"store_product_id\",\n  \"format\": \"csv\"\n}",
					"options": {
						"raw": {
							"language": "json"
						}
					}
				},
				"url": {
					"raw": "https://api-admin.adapty.io/api/v1/client-api/metrics/ltv/",
					"protocol": "https",
					"host": [
						"api-admin",
						"adapty",
						"io"
					],
					"path": [
						"api",
						"v1",
						"client-api",
						"metrics",
						"ltv",
						""
					]
				}
			},
			"response": []
		},
		{
			"name": "Retrieve retention data",
			"request": {
				"auth": {
					"type": "apikey",
					"apikey": [
						{
							"key": "value",
							"value": "",
							"type": "string"
						},
						{
							"key": "key",
							"value": "",
							"type": "string"
						}
					]
				},
				"method": "POST",
				"header": [
					{
						"key": "Authorization",
						"value": "Api-Key {{secret_api_key}}",
						"description": "Your secret API key from Adapty App Settings",
						"type": "text"
					},
					{
						"key": "Content-Type",
						"value": "application/json",
						"description": "Do not change",
						"type": "text"
					}
				],
				"body": {
					"mode": "raw",
					"raw": "{\n  \"filters\": {\n    \"date\": [\n      \"2024-01-01\",\n      \"2024-12-31\"\n    ],\n    \"compare_date\": [\n      \"2023-01-01\",\n      \"2023-12-31\"\n    ]\n  },\n  \"period_unit\": \"quarter\",\n  \"period_type\": \"renewals\",\n  \"segmentation\": \"store_product_id\",\n  \"format\": \"csv\"\n}",
					"options": {
						"raw": {
							"language": "json"
						}
					}
				},
				"url": {
					"raw": "https://api-admin.adapty.io/api/v1/client-api/metrics/retention/",
					"protocol": "https",
					"host": [
						"api-admin",
						"adapty",
						"io"
					],
					"path": [
						"api",
						"v1",
						"client-api",
						"metrics",
						"retention",
						""
					]
				}
			},
			"response": []
		}
	]
}