{
	"info": {
		"_postman_id": "381bee49-0b8e-4416-b905-10e48df2a8ab",
		"name": "Adapty server-side API",
		"schema": "https://schema.getpostman.com/json/collection/v2.1.0/collection.json",
		"_exporter_id": "37941300"
	},
	"item": [
		{
			"name": "Get profile",
			"request": {
				"auth": {
					"type": "noauth"
				},
				"method": "GET",
				"header": [
					{
						"key": "adapty-customer-user-id",
						"value": "{{adapty-customer-user-id}}",
						"description": "Enter the required Customer User ID, take it from Customer user ID field of Profile",
						"type": "text"
					},
					{
						"key": "adapty-platform",
						"value": "{{adapty-platform}}",
						"description": "Possible values: iOS, macOS, iPadOS, visionOS, Android",
						"type": "text"
					},
					{
						"key": "Content-Type",
						"value": "application/json",
						"description": "Do not change",
						"type": "text"
					},
					{
						"key": "adapty-profile-id",
						"value": "{{adapty-profile-id}}",
						"description": "Enter the required profile ID, take it from Adapty ID field of Profile",
						"type": "text",
						"disabled": true
					},
					{
						"key": "Authorization",
						"value": "Api-Key {{secret_api_key}}",
						"description": "Enter your secret API key from Adapty App Settings",
						"type": "text"
					}
				],
				"url": {
					"raw": "https://api.adapty.io/api/v2/server-side-api/profile/",
					"protocol": "https",
					"host": [
						"api",
						"adapty",
						"io"
					],
					"path": [
						"api",
						"v2",
						"server-side-api",
						"profile",
						""
					]
				}
			},
			"response": []
		},
		{
			"name": "Create profile",
			"request": {
				"auth": {
					"type": "noauth"
				},
				"method": "POST",
				"header": [
					{
						"key": "adapty-customer-user-id",
						"value": "{{adapty-customer-user-id}}",
						"description": "Enter the required Customer User ID, take it from Customer user ID field of Profile",
						"type": "text"
					},
					{
						"key": "adapty-platform",
						"value": "{{adapty-platform}}",
						"description": "Possible values: iOS, macOS, iPadOS, visionOS, Android",
						"type": "text"
					},
					{
						"key": "Content-Type",
						"value": "application/json",
						"description": "Do not change",
						"type": "text"
					},
					{
						"key": "adapty-profile-id",
						"value": "{{adapty-profile-id}}",
						"description": "Enter the required profile ID, take it from Adapty ID field of Profile",
						"type": "text",
						"disabled": true
					},
					{
						"key": "Authorization",
						"value": "Api-Key {{secret_api_key}}",
						"description": "Enter your secret API key from Adapty App Settings",
						"type": "text"
					}
				],
				"body": {
					"mode": "raw",
					"raw": "{\n  \"first_name\": \"Anne\",\n  \"last_name\": \"Miller\",\n  \"gender\": \"f\",\n  \"email\": \"anna.miller@example.com\",\n  \"phone_number\": \"+1234567890\",\n  \"birthday\": \"2000-12-31\",\n  \"ip_country\": \"FR\",\n  \"store_country\": \"US\",\n  \"store\": \"app_store\",\n  \"analytics_disabled\": true,\n  \"custom_attributes\": [\n    {\n      \"key\": \"favourite_sport\",\n      \"value\": \"yoga\"\n    }\n  ],\n  \"installation_meta\": {\n    \"device_id\": \"3fa85f64-5717-4561-b3fc-2c963f66afa5\",\n    \"device\": \"string\",\n    \"locale\": \"en\",\n    \"os\": \"string\",\n    \"platform\": \"iOS\",\n    \"timezone\": \"Europe/Rome\",\n    \"user_agent\": \"Mozilla/5.0 (iPhone; CPU iPhone OS 17_1_1 like Mac OS X) AppleWebKit/605.1.15 (KHTML, like Gecko) Version/17.1 Mobile/15E148 Safari/604.1\",\n    \"idfa\": \"EA7583CD-A667-48BC-B806-42ECB2B48331\",\n    \"idfv\": \"E9D48DA5-3930-4B41-8521-D953AECD2F33\",\n    \"advertising_id\": \"\",\n    \"android_id\": \"\",\n    \"android_app_set_id\": \"\"\n  }\n}",
					"options": {
						"raw": {
							"language": "json"
						}
					}
				},
				"url": {
					"raw": "https://api.adapty.io/api/v2/server-side-api/profile/",
					"protocol": "https",
					"host": [
						"api",
						"adapty",
						"io"
					],
					"path": [
						"api",
						"v2",
						"server-side-api",
						"profile",
						""
					]
				}
			},
			"response": []
		},
		{
			"name": "Add integration identifiers",
			"request": {
				"auth": {
					"type": "noauth"
				},
				"method": "POST",
				"header": [
					{
						"key": "adapty-customer-user-id",
						"value": "{{adapty-customer-user-id}}",
						"description": "Enter the required Customer User ID, take it from Customer user ID field of Profile",
						"type": "text"
					},
					{
						"key": "adapty-platform",
						"value": "{{adapty-platform}}",
						"description": "Possible values: iOS, macOS, iPadOS, visionOS, Android",
						"type": "text"
					},
					{
						"key": "Content-Type",
						"value": "application/json",
						"description": "Do not change",
						"type": "text"
					},
					{
						"key": "adapty-profile-id",
						"value": "{{adapty-profile-id}}",
						"description": "Enter the required profile ID, take it from Adapty ID field of Profile",
						"type": "text",
						"disabled": true
					},
					{
						"key": "Authorization",
						"value": "Api-Key {{secret_api_key}}",
						"description": "Enter your secret API key from Adapty App Settings",
						"type": "text"
					}
				],
				"body": {
					"mode": "raw",
					"raw": "{\n  \"pushwoosh_hwid\": \"example_pushwoosh_hwid\",\n  \"mixpanel_user_id\": \"example_mixpanel_user_id\",\n  \"facebook_anonymous_id\": \"example_facebook_anonymous_id\",\n  \"firebase_app_instance_id\": \"example_firebase_app_instance_id\",\n  \"amplitude_user_id\": \"example_amplitude_user_id\",\n  \"amplitude_device_id\": \"example_amplitude_device_id\",\n  \"appmetrica_device_id\": \"example_appmetrica_device_id\",\n  \"appmetrica_profile_id\": \"example_appmetrica_profile_id\",\n  \"one_signal_subscription_id\": \"example_one_signal_subscription_id\",\n  \"one_signal_player_id\": \"example_one_signal_player_id\",\n  \"branch_id\": \"example_branch_id\",\n  \"appsflyer_id\": \"example_appsflyer_id\",\n  \"adjust_device_id\": \"example_adjust_device_id\",\n  \"airbridge_device_id\": \"example_airbridge_device_id\",\n  \"tenjin_analytics_installation_id\": \"example_tenjin_analytics_installation_id\",\n  \"posthog_distinct_user_id\": \"example_posthog_distinct_user_id\"\n}\n",
					"options": {
						"raw": {
							"language": "json"
						}
					}
				},
				"url": {
					"raw": "https://api.adapty.io/api/v2/server-side-api/integration/profile/set/integration-identifiers/",
					"protocol": "https",
					"host": [
						"api",
						"adapty",
						"io"
					],
					"path": [
						"api",
						"v2",
						"server-side-api",
						"integration",
						"profile",
						"set",
						"integration-identifiers",
						""
					]
				}
			},
			"response": []
		},
		{
			"name": "Update profile",
			"request": {
				"auth": {
					"type": "noauth"
				},
				"method": "PATCH",
				"header": [
					{
						"key": "adapty-customer-user-id",
						"value": "{{adapty-customer-user-id}}",
						"description": "Enter the required Customer User ID, take it from Customer user ID field of Profile",
						"type": "text"
					},
					{
						"key": "adapty-platform",
						"value": "{{adapty-platform}}",
						"description": "Possible values: iOS, macOS, iPadOS, visionOS, Android",
						"type": "text"
					},
					{
						"key": "Content-Type",
						"value": "application/json",
						"description": "Do not change",
						"type": "text"
					},
					{
						"key": "adapty-profile-id",
						"value": "{{adapty-profile-id}}",
						"description": "Enter the required profile ID, take it from Adapty ID field of Profile",
						"type": "text",
						"disabled": true
					},
					{
						"key": "Authorization",
						"value": "Api-Key {{secret_api_key}}",
						"description": "Enter your secret API key from Adapty App Settings",
						"type": "text"
					}
				],
				"body": {
					"mode": "raw",
					"raw": "{\n  \"first_name\": \"Jane\",\n  \"last_name\": \"Doe\",\n  \"gender\": \"f\",\n  \"email\": \"jane.dow@example.com\",\n  \"phone_number\": \"+1234567890\",\n  \"birthday\": \"2000-12-31\",\n  \"ip_country\": \"FR\",\n  \"store_country\": \"US\",\n  \"store\": \"app_store\",\n  \"analytics_disabled\": true,\n  \"custom_attributes\": [\n    {\n      \"key\": \"favourite_sport\",\n      \"value\": \"yoga\"\n    }\n  ],\n  \"installation_meta\": {\n    \"device_id\": \"3fa85f64-5717-4562-b3fc-2c963f66afa6\",\n    \"device\": \"string\",\n    \"locale\": \"en\",\n    \"os\": \"string\",\n    \"platform\": \"iOS\",\n    \"timezone\": \"Europe/Rome\",\n    \"user_agent\": \"Mozilla/5.0 (iPhone; CPU iPhone OS 17_1_1 like Mac OS X) AppleWebKit/605.1.15 (KHTML, like Gecko) Version/17.1 Mobile/15E148 Safari/604.1\",\n    \"idfa\": \"EA7583CD-A667-48BC-B806-42ECB2B48333\",\n    \"idfv\": \"E9D48DA5-3930-4B41-8521-D953AECD2F33\",\n    \"advertising_id\": \"\",\n    \"android_id\": \"\",\n    \"android_app_set_id\": \"\"\n  }\n}",
					"options": {
						"raw": {
							"language": "json"
						}
					}
				},
				"url": {
					"raw": "https://api.adapty.io/api/v2/server-side-api/profile/",
					"protocol": "https",
					"host": [
						"api",
						"adapty",
						"io"
					],
					"path": [
						"api",
						"v2",
						"server-side-api",
						"profile",
						""
					]
				}
			},
			"response": []
		},
		{
			"name": "Delete profile",
			"request": {
				"auth": {
					"type": "apikey",
					"apikey": [
						{
							"key": "value",
							"value": "Api-Key {{secret_api_key}}",
							"type": "string"
						},
						{
							"key": "key",
							"value": "Authorization",
							"type": "string"
						}
					]
				},
				"method": "DELETE",
				"header": [
					{
						"key": "adapty-customer-user-id",
						"value": "{{adapty-customer-user-id}}",
						"description": "Enter the required Customer User ID, take it from Customer user ID field of Profile",
						"type": "text"
					},
					{
						"key": "adapty-platform",
						"value": "{{adapty-platform}}",
						"description": "Possible values: iOS, macOS, iPadOS, visionOS, Android",
						"type": "text"
					},
					{
						"key": "Content-Type",
						"value": "application/json",
						"description": "Do not change",
						"type": "text"
					},
					{
						"key": "adapty-profile-id",
						"value": "{{adapty-profile-id}}",
						"description": "Enter the required profile ID, take it from Adapty ID field of Profile",
						"type": "text",
						"disabled": true
					},
					{
						"key": "Authorization",
						"value": "Api-Key {{secret_api_key}}",
						"description": "Enter your secret API key from Adapty App Settings",
						"type": "text"
					}
				],
				"body": {
					"mode": "raw",
					"raw": "",
					"options": {
						"raw": {
							"language": "json"
						}
					}
				},
				"url": {
					"raw": "https://api.adapty.io/api/v2/server-side-api/profile/",
					"protocol": "https",
					"host": [
						"api",
						"adapty",
						"io"
					],
					"path": [
						"api",
						"v2",
						"server-side-api",
						"profile",
						""
					]
				}
			},
			"response": []
		},
		{
			"name": "Set transaction",
			"request": {
				"auth": {
					"type": "apikey",
					"apikey": [
						{
							"key": "value",
							"value": "Api-Key {{secret_api_key}}",
							"type": "string"
						},
						{
							"key": "key",
							"value": "Authorization",
							"type": "string"
						}
					]
				},
				"method": "POST",
				"header": [
					{
						"key": "adapty-customer-user-id",
						"value": "{{adapty-customer-user-id}}",
						"description": "Enter the required Customer User ID, take it from Customer user ID field of Profile",
						"type": "text"
					},
					{
						"key": "adapty-platform",
						"value": "{{adapty-platform}}",
						"description": "Possible values: iOS, macOS, iPadOS, visionOS, Android",
						"type": "text"
					},
					{
						"key": "Content-Type",
						"value": "application/json",
						"description": "Do not change",
						"type": "text"
					},
					{
						"key": "adapty-profile-id",
						"value": "{{adapty-profile-id}}",
						"description": "Enter the required profile ID, take it from Adapty ID field of Profile",
						"type": "text",
						"disabled": true
					},
					{
						"key": "Authorization",
						"value": "Api-Key {{secret_api_key}}",
						"description": "Enter your secret API key from Adapty App Settings",
						"type": "text"
					}
				],
				"body": {
					"mode": "raw",
					"raw": "{\n  \"purchase_type\": \"subscription\",\n  \"store\": \"app_store\",\n  \"environment\": \"Production\",\n  \"store_product_id\": \"1year.premium\",\n  \"store_transaction_id\": \"30002109551456\",\n  \"store_original_transaction_id\": \"30002109551456\",\n  \"is_family_shared\": false,\n  \"price\": {\n    \"country\": \"US\",\n    \"currency\": \"USD\",\n    \"value\": 9.99\n  },\n  \"purchased_at\": \"2022-10-12T09:42:50.000000+0000\",\n  \"variation_id\": \"81109d24-ea95-4806-9ec7-b482bbd1a33d\",\n  \"originally_purchased_at\": \"2022-10-12T09:42:50.000000+0000\",\n  \"renew_status\": true,\n  \"expires_at\":  \"2026-10-12T09:42:50.000000+0000\"\n}",
					"options": {
						"raw": {
							"language": "json"
						}
					}
				},
				"url": {
					"raw": "https://api.adapty.io/api/v2/server-side-api/purchase/set/transaction/",
					"protocol": "https",
					"host": [
						"api",
						"adapty",
						"io"
					],
					"path": [
						"api",
						"v2",
						"server-side-api",
						"purchase",
						"set",
						"transaction",
						""
					]
				}
			},
			"response": []
		},
		{
			"name": "Grant access level",
			"request": {
				"auth": {
					"type": "noauth"
				},
				"method": "POST",
				"header": [
					{
						"key": "adapty-customer-user-id",
						"value": "{{adapty-customer-user-id}}",
						"description": "Enter the required Customer User ID, take it from Customer user ID field of Profile",
						"type": "text"
					},
					{
						"key": "adapty-platform",
						"value": "{{adapty-platform}}",
						"description": "Possible values: iOS, macOS, iPadOS, visionOS, Android",
						"type": "text"
					},
					{
						"key": "Content-Type",
						"value": "application/json",
						"description": "Do not change",
						"type": "text"
					},
					{
						"key": "adapty-profile-id",
						"value": "{{adapty-profile-id}}",
						"description": "Enter the required profile ID, take it from Adapty ID field of Profile",
						"type": "text",
						"disabled": true
					},
					{
						"key": "Authorization",
						"value": "Api-Key {{secret_api_key}}",
						"description": "Enter your secret API key from Adapty App Settings",
						"type": "text"
					}
				],
				"body": {
					"mode": "raw",
					"raw": "{\n\"access_level_id\": \"premium\",\n\"starts_at\": \"2022-10-12T09:42:50.000000+0000\",\n\"expires_at\": \"2024-10-12T09:42:50.000000+0000\"\n}",
					"options": {
						"raw": {
							"language": "json"
						}
					}
				},
				"url": {
					"raw": "https://api.adapty.io/api/v2/server-side-api/purchase/profile/grant/access-level/",
					"protocol": "https",
					"host": [
						"api",
						"adapty",
						"io"
					],
					"path": [
						"api",
						"v2",
						"server-side-api",
						"purchase",
						"profile",
						"grant",
						"access-level",
						""
					]
				}
			},
			"response": []
		},
		{
			"name": "Revoke access level",
			"request": {
				"auth": {
					"type": "noauth"
				},
				"method": "POST",
				"header": [
					{
						"key": "adapty-customer-user-id",
						"value": "{{adapty-customer-user-id}}",
						"description": "Enter the required Customer User ID, take it from Customer user ID field of Profile",
						"type": "text"
					},
					{
						"key": "adapty-platform",
						"value": "{{adapty-platform}}",
						"description": "Possible values: iOS, macOS, iPadOS, visionOS, Android",
						"type": "text"
					},
					{
						"key": "Content-Type",
						"value": "application/json",
						"description": "Do not change",
						"type": "text"
					},
					{
						"key": "adapty-profile-id",
						"value": "{{adapty-profile-id}}",
						"description": "Enter the required profile ID, take it from Adapty ID field of Profile",
						"type": "text",
						"disabled": true
					},
					{
						"key": "Authorization",
						"value": "Api-Key {{secret_api_key}}",
						"description": "Enter your secret API key from Adapty App Settings",
						"type": "text"
					}
				],
				"body": {
					"mode": "raw",
					"raw": "{\n  \"access_level_id\": \"premium\",\n  \"revoke_at\": \"2024-10-12T09:42:50.000000+0000\"\n}",
					"options": {
						"raw": {
							"language": "json"
						}
					}
				},
				"url": {
					"raw": "https://api.adapty.io/api/v2/server-side-api/purchase/profile/revoke/access-level/",
					"protocol": "https",
					"host": [
						"api",
						"adapty",
						"io"
					],
					"path": [
						"api",
						"v2",
						"server-side-api",
						"purchase",
						"profile",
						"revoke",
						"access-level",
						""
					]
				}
			},
			"response": []
		},
		{
			"name": "Validate purchase in Stripe",
			"request": {
				"method": "POST",
				"header": [
					{
						"key": "Content-Type",
						"value": "application/vnd.api+json",
						"type": "text"
					},
					{
						"key": "Authorization",
						"value": "Api-Key {{secret_api_key}}",
						"type": "text"
					}
				],
				"body": {
					"mode": "raw",
					"raw": "{\n    \"type\": \"stripe_receipt_validation_result\",\n    \"attributes\": {\n        \"customer_user_id\": \"{{adapty-customer-user-id}}\",\n        \"stripe_token\": \"{{stripe_token}}\"\n    }\n}",
					"options": {
						"raw": {
							"language": "json"
						}
					}
				},
				"url": {
					"raw": "https://api.adapty.io/api/v1/sdk/purchase/stripe/token/validate/",
					"protocol": "https",
					"host": [
						"api",
						"adapty",
						"io"
					],
					"path": [
						"api",
						"v1",
						"sdk",
						"purchase",
						"stripe",
						"token",
						"validate",
						""
					]
				}
			},
			"response": []
		}
	]
}