{
	"id": "0e50ccf2-802a-4c7d-9bc6-fa015726eb7d",
	"name": "Adapty server-side, web, and analytics export API environment",
	"values": [
		{
			"key": "secret_api_key",
			"value": "YOUR_SECRET_API_KEY",
			"type": "default",
			"enabled": true
		},
		{
			"key": "adapty-customer-user-id",
			"value": "YOUR_CUSTOMER_USER_ID",
			"type": "default",
			"enabled": true
		},
		{
			"key": "adapty-profile-id",
			"value": "YOUR_USER_PROFILE_ID",
			"type": "default",
			"enabled": false
		},
		{
			"key": "adapty-platform",
			"value": "<OPTIONAL_DEVICE_PLATFORM>",
			"type": "default",
			"enabled": true
		},
		{
			"key": "public_api_key",
			"value": "<YOUR_PUBLIC_API_KEY>",
			"type": "default",
			"enabled": true
		},
		{
			"key": "stripe_token",
			"value": "<YOUR_STRIPE_TOKEN>",
			"type": "default",
			"enabled": true
		},
		{
			"key": "Adapty-Tz",
			"value": "<YOUR_TIME_ZONE>",
			"type": "default",
			"enabled": true
		}
	],
	"_postman_variable_scope": "environment",
	"_postman_exported_at": "2025-03-13T14:55:16.178Z",
	"_postman_exported_using": "Postman/11.32.2"
}